,0
736,10702.32854160848
8674,-9459.036284670114
5971,34335.891924049174
1957,9135.565999453025
11075,7678.12352004477
6134,7897.410667116346
17847,8588.455075443731
5118,165.84948631453153
200,6666.080533308747
2298,-2332.8902261543262
18766,-26598.414576946972
18507,1220.9209216029976
5954,-17465.5235082446
16454,-20603.795848734124
11020,23889.411264615712
8359,9484.076641012198
14976,1768.385825880483
3014,2357.0678174351124
10978,-21969.898343008063
15571,9845.115971894535
18912,5009.05727727637
16453,-184.89361139250468
17306,-1459.2880268518802
4577,1461.323382409846
11153,-8911.586438551083
8165,6900.150989248104
3077,-27969.864523560307
8178,-4457.011764727193
12093,-11861.855135086284
19097,-24244.290211299092
3200,-5776.882393146258
15191,3294.259735048301
7074,558.2086360507592
115,-11232.067503379003
484,6674.5137983884815
6369,13458.983484303782
18884,5082.337511928097
5207,7155.881185990333
936,-4276.912764039962
1261,26477.34417752262
17139,-9698.40281205334
8085,3085.2549375171375
12959,-7131.289967040917
1147,5342.41136031593
12268,-1126.529167474353
10049,-3293.916579852379
13190,9888.296311649392
8239,-11145.672426167515
7716,4523.698813282732
385,2055.6283110176164
12572,9190.87258655415
5843,6123.799543744115
5734,-13877.09058366995
960,-8043.967392520415
7983,8865.085109639855
1599,8199.302523013534
13846,13019.814849326911
8180,-9240.016961564419
3242,-4666.213075696676
11723,-1455.9773872234327
13798,-1882.3481891395368
10342,-17688.96482978642
1321,-20706.285736784197
15443,29576.416452557718
6760,4641.33346110307
2495,-21783.169626677703
2393,-18289.55783963578
12454,16102.616812121061
4600,-8898.835257250354
9438,2339.3627487808735
8008,12569.565999453025
8440,12707.770408959195
9066,-5643.7919860564325
10168,-6760.096346280902
9814,12151.06024695066
5916,-5396.119830524531
18548,2591.8538059517923
11608,-5204.7667167981745
11662,4794.869059653566
6788,23985.003689290956
16218,-19666.691160306742
6962,-6322.749824847146
13027,20852.83102868909
344,4948.462985720445
13106,-15236.166830937535
11897,-10762.212826687177
9626,8503.475820413954
11176,451.367993421798
5170,-9905.405633880451
8496,6418.6999303371595
13062,-10724.04712337708
5826,-13195.978383334354
6020,5630.613676397723
13735,1211.3714178435584
14104,-13111.51506424454
3011,-2994.3323752109027
17836,2722.310547716337
18890,8846.774374047
5272,-14531.336177017605
18653,7019.412173052409
4884,9335.043640002004
16978,2370.7503556918336
8957,38278.4764917554
17403,4638.707398142136
11436,30561.68252980173
5620,-2919.3340720106144
16735,11374.155695339468
1962,-10070.03674612609
11603,-12740.112443038652
13246,-1778.4352840040592
3999,2980.23074960805
16543,14674.485248458941
11235,-9302.506572749393
17576,-6522.637195851952
16126,29593.543536551817
8103,-6438.123415700196
18716,-4060.2929098906316
14838,-16973.89173572982
438,3421.8053927376786
14439,-4345.0182051884585
5503,-4231.9332058142945
4226,-2855.6285821564416
15141,-8408.730862654616
17141,50827.52475802995
18623,10957.072707376734
10369,-15184.403353807975
9675,-11804.91432126101
11149,-6312.958895091222
7752,8822.826724675344
17309,5086.173065447545
9027,3214.2214454732207
4037,-1217.7600597712371
13254,-17417.938404241835
4387,-6053.835257250354
18424,-6717.055782111165
12815,27486.395424861024
351,-5815.817420656178
6779,-12021.625598258306
14587,-16123.506572749393
9380,-9878.018289682332
2954,-2202.9090451138145
8610,-27969.864523560307
11433,8999.265977912903
10084,-3263.642857900202
17501,3873.4818855423227
795,-4733.947862017376
341,5127.087502224654
16962,-15113.59529100091
18655,2260.718437457137
3649,-10064.976893287905
5817,-6086.355101871632
3230,-11584.145595570546
4333,-3813.8228112396464
3433,9755.06301760118
18645,4149.333200118599
11758,-6287.9967426646435
13857,-4217.689452283663
16155,3334.917909909407
10210,7229.50287778713
4475,-5613.250374049232
6490,-13517.558353441847
14370,13548.446427328749
9680,1698.9387982451808
17830,2982.167213046526
5022,-6033.134554726618
2334,-2253.0741580878275
12636,-4234.20322812203
14919,-20311.162178597577
16092,-8836.832097409017
5572,749.5659994530251
18609,-571.4857182068081
16427,45169.55927637464
2235,16241.760153416162
14515,-3293.916579852379
11736,10533.89829521786
9072,10927.06092827818
10605,14775.346557488327
1838,-3444.916579852379
14733,-4909.93975304934
12926,-12643.90761734364
16501,-21148.118814009667
10301,-2198.9954358430405
210,461.56599945302514
2439,-4717.768064838772
16858,10645.014934918912
13520,8248.545399590308
878,-16479.153708748447
4193,2818.6181916476053
1114,7256.043640002004
18346,-3969.094843095434
5306,-11527.843460620636
3425,-10520.401418217014
14741,-4524.784644172865
9966,4610.0816799410095
13684,906.2032732222688
9537,-11768.04755533268
2117,-10548.231516401112
8083,-2919.3340720106144
10071,14718.137860674346
15690,-15691.54928601444
17727,8209.228039713405
3125,819.0366895566158
12930,10290.544799076408
2624,5694.914650044732
9329,-7983.232446674541
3545,-15044.574479832343
16153,-7505.945929996607
18641,-6172.632206168757
15354,789.2739913038149
3050,6109.740384320796
6746,10263.866329476743
5456,-1233.0882910793534
3651,-3039.632006578202
1182,20259.360451947676
17470,-9113.477333638479
2512,-6003.078420606842
7015,-4691.310344188554
15694,-1724.7846441728652
18008,-5520.733831504829
7203,7335.389853638069
6660,2888.794558616408
6114,4747.239940228763
11325,3280.310547716337
9731,-21411.08679750016
16016,5158.261867859868
2814,-869.131070586358
8413,2066.02388775738
1527,-5828.925980902103
10933,9649.469419167315
1664,-6357.835257250354
7975,-15318.486096672097
2856,-6393.907367524975
3268,-5417.009674188572
5071,-2229.0336309045306
7897,6341.3766548434
14779,-4345.0182051884585
8620,17778.865661994947
15932,3779.433166291452
17060,-6927.266225391115
18938,19788.304444339996
14441,5002.2097688794665
17058,-10667.395872613368
17552,-328.76653559591887
14601,4149.333200118599
17724,-12055.59529100091
6151,-175.15546652160992
12059,-19072.13451575661
4488,10230.979651412239
1034,1954.835658231299
3350,-15499.420363175166
8254,-2760.1881538360294
13562,7681.487487672987
5474,14976.959302942108
13588,7068.067248404054
12691,-2486.7846441728652
10062,-7613.04755533268
6137,-16028.039388840574
10803,-7029.842113555813
16750,8077.718437457137
3165,-4074.3630962166353
17213,-12604.020711917961
12016,-2890.8359367986686
5888,-18255.693757872876
14272,2528.6848906454434
13498,-7758.731161617402
15184,-7695.562059044529
10404,8280.37427899819
18551,4016.718437457137
8585,-15637.805992007568
15108,-3380.4334499634024
19072,-8837.958336816815
11121,-15939.683205355785
2301,-485.0348311503667
1144,-13047.7257113612
1959,-6052.929941777878
19212,-998.2187967599266
15939,-11369.514966918745
4505,-7472.910139391119
4286,6975.667624789097
8860,12150.233283201826
18860,-8733.867910583649
2247,-7472.3156937108
1510,13182.326370286886
2145,-15545.557839635781
9924,-819.7402649516989
2781,4633.968059056497
14391,11069.718437457137
14634,14469.178328715945
57,-15309.137164986903
10907,8031.965961326372
466,-3746.266225391115
9451,10606.79685477798
7886,-1381.1156473769515
8715,-5221.034893862819
4304,-11043.063609775818
18234,-4876.223786378215
6126,-11532.835257250354
9263,1186.12352004477
1396,-12356.25533408452
4462,12174.894267699303
103,-9240.016961564419
17626,-1775.981139888836
9347,-32171.76289822423
11187,6357.502498702914
12536,-4079.336682911686
12825,-815.4335112817789
15811,-2844.958180193011
8187,-3212.4639197256547
42,-12234.29452179357
8482,-7559.154541708223
8614,6246.596682327934
17382,-6288.547952245743
13693,219.24809742183743
9532,608.9270109678655
18584,6985.5867518730465
14792,-1902.9032226779063
12489,9899.839872677243
2622,-7336.146998683314
10083,-23446.073113309307
16842,7047.009888453206
5568,9445.29443838549
2319,-22909.07302011444
5671,5925.941180681064
4518,-1743.5777694884055
16571,1670.629082363383
346,-18748.64625718076
13390,10196.09445267004
17093,-2550.2832593425783
6434,-5700.0182051884585
8062,13612.515186784989
12148,-9772.637251219126
13988,-7578.211737947098
17011,4519.929642517626
8642,-3100.174458627762
6956,-4640.942548397856
18590,1787.6560089532231
2974,7477.087956443001
17539,-3038.662880696271
16304,8999.265977912903
11342,-214.91657985237907
14560,-7466.043989286489
16966,13870.426741320707
980,-1590.4679213506934
15124,1654.303275292782
8771,13117.853980424465
14717,-6581.647090641563
2361,-13195.978383334354
18553,5462.184455403711
15631,10934.623444705816
13743,20625.150909134052
1911,-6675.849507852909
19186,-1215.910803224103
2699,-5621.35149254405
14669,10820.03623533827
6352,11137.515186784989
9156,10395.606924481504
17910,-2156.0579853340714
14073,-548.7357877896793
7324,-18172.895813070543
14791,8636.163857156658
14745,-3053.4934646737674
10091,-6644.460433708449
1580,9266.186140725855
8056,12752.074019097898
9440,-8962.88606991839
2127,-7482.0182051884585
15053,-4085.245419930361
5980,3229.0436400020044
14417,3571.4814754990657
5116,-18541.097936045117
10834,28723.698224479685
313,24824.349130341376
1153,-23007.63182420187
9754,11594.634202182664
7980,-16394.978383334354
1901,1768.685416232518
4982,4663.934805736644
7914,-304.1627789057602
3616,-11192.314457681987
11840,-15622.137164986903
8324,-9376.845696706005
12976,54059.76879590683
17012,-3122.2324466745413
2554,-5645.692760989337
13766,-2914.1962993882753
2026,-3022.6395480523242
10879,837.7868663029094
5512,-8219.232446674541
17131,-4055.8063310016223
3233,-11702.137164986903
11838,2241.0266080079164
16622,-14147.215412723079
3769,-3293.916579852379
12257,13863.564529762487
6024,-5824.405280755236
9838,-9240.016961564419
5465,-17355.493665664835
12302,19557.87155678877
13952,13490.054070003393
3855,-8864.47691112123
5948,12722.072707376734
12235,-12725.473369379959
7603,16993.61681212106
6682,-13982.557385417429
18079,-16386.534497416214
3919,-6312.958895091222
5617,-8837.40978760527
17088,4655.393766629382
15394,14411.536815292005
17480,34118.67153362179
8485,-8209.967392520415
3207,12758.903126280115
7745,-8534.611055991401
4585,-3888.012479625402
18248,-4410.674005691813
15144,3641.565999453025
16497,-5646.2447531844955
14681,-5444.969723200571
13980,9495.367993421798
5610,-2599.6565918203087
1456,1633.9583018220837
13313,-15759.864169746217
326,6992.557690276386
9972,32717.43135573597
7014,-2156.0579853340714
14628,7127.428337645528
1162,43833.26153085736
9295,-19336.777171812064
6831,11452.496357278262
2189,-14389.905955132264
9698,-27670.771898721185
19207,3603.2153558271348
10175,10616.244784942743
10129,4631.703767401599
8372,1840.2281012788153
7535,-17763.086352318867
17238,-13057.48091610798
2701,-8690.945929996607
9595,-3029.55351868624
16822,-7714.828543172524
15161,8399.512292452418
15058,4009.3937666293823
17846,9259.27148879781
6868,471.6798950314187
11183,-4147.817348263953
2534,26469.584636826363
13434,-4988.126485620245
2767,-1824.588099606397
3059,1230.351781147525
1862,-3983.517023885439
4245,11022.164356640107
15299,-14831.992012332452
1350,-8151.263639355213
7200,2136.310547716337
8037,1939.320857525894
18689,-7312.205552264954
15513,-28832.864523560307
5945,5501.431299983459
16256,-23708.407076326475
15518,-3613.10856025877
5453,-15115.539246439192
4828,-16200.777171812064
7781,-25655.822711389228
7916,-2448.3340720106144
11832,-15637.805992007568
2450,-8534.01458468681
7664,-4488.474419355022
4800,-9938.376952442726
16818,-8584.129992591787
7326,1504.3613603843733
7152,20526.667624789097
7820,16728.59713229355
5893,2249.321410180264
15074,-207.982877171351
5995,-2167.5442773418035
12687,4501.730694691783
17998,116.26863945290916
17781,208.28757925646278
828,-3962.7049835439984
12552,2090.3613603843733
18735,-11217.592881611847
19235,-4828.910655160496
13362,-4786.958869488673
18782,-3570.9881901725676
5550,8846.998785262185
13901,35925.75899790209
3522,9116.252391673019
7749,243013.49209915142
971,-6162.734261724923
5764,-17673.641615466702
11251,-26513.034181318457
11097,-13717.995218014534
15480,4110.276676116755
18472,3613.0879564430006
8994,-13574.584690404226
13135,4906.11162046069
9400,2253.352709293693
2312,-5120.9165285563795
14442,4952.667624789097
13367,-3805.2832593425783
11517,4707.060462853769
13505,-11606.336682911686
2585,-7717.09440684881
4269,-1067.7124207435372
251,2135.9533834641734
8141,1619.8224313903665
322,16503.128758727362
11553,23385.718437457137
3784,778.1048826714286
10381,4697.174332712806
11054,-9750.855783174917
19112,-16309.520536957869
13876,-12319.573788240778
13327,-6140.888940381302
2414,-12941.851231258966
2129,-5670.821235037431
4510,-9812.935458501568
5380,-8209.967392520415
17606,13131.839611670464
12751,1773.7463215223434
9575,-13746.753447064111
9129,-9640.446685281406
467,-4160.656591820309
2065,-21783.169626677703
11550,10528.009434282623
9444,-6602.809029824424
10241,961.8371729091086
5466,7033.670642844309
9397,-8464.614278794066
10078,-9451.951133188984
9767,-24551.26213894286
5815,7723.304474312767
1768,-1371.6702811414434
1624,13208.966407949378
4816,9357.290864635135
11290,-6318.05600536348
9893,7730.46961875787
10654,-1731.8927029558108
8725,-1696.3736643198463
16174,-15210.954510000949
14266,11200.33310870971
11625,257.03260747958484
14586,4038.628883741141
1443,-2941.1984990559604
16137,9895.612721438982
17056,11572.137078213651
8785,-14795.415238721325
6765,6779.394220847727
7949,-2146.94512175234
9545,12008.507758555606
17782,-10588.538999149481
2910,-10836.39390731015
10113,3450.7572922688996
16947,832.2597350483011
7881,-12548.608198085465
8765,12685.328050059037
379,-10617.056135337018
11762,8172.2864094243705
16475,-14147.761883256895
13462,1940.5222097074766
7567,7332.574008510461
16728,50.30085973436417
13295,1630.5646110565176
5865,3471.9824799801972
9926,-4760.604564683178
7053,7.087956443000621
1807,-5308.0182051884585
15654,14279.983038435581
1427,-13854.233638895792
15827,-8775.686455816467
7806,1674.8233556783057
16678,-29357.211326274824
14091,2304.785860939155
8272,5005.667624789097
928,4817.10442845308
9818,8445.10400168621
718,8187.509170588823
35,-1827.5864385510831
2277,566.0667941857055
7142,20099.869715239336
13806,-8056.109205804409
59,-1743.9359497189726
16332,-7357.180703733076
16146,-7684.916579852379
12802,704.5907428445544
7771,-12319.573788240778
323,5659.648795282374
14834,42454.21071818932
2020,-4485.481322075768
12103,-5642.09429988567
2712,1342.6476943841953
4165,4834.000903068982
5268,18002.196060836948
6066,-5663.334072010614
6421,-10069.570292225842
3251,-2812.818438210362
9313,-4202.234663128835
2250,8316.354406265062
2448,-16394.978383334354
16107,4779.302930151203
14202,-19282.93896197042
2325,25373.988302083966
16275,-16394.978383334354
2677,-4132.562450579542
2152,1172.4958461837996
9068,2592.3613603843733
2878,-6464.840906321422
18963,-15781.004567027496
14363,-6586.1365191988925
16434,-9487.20931810316
7717,-7191.648738929845
5440,21806.98303843558
7026,7317.77935440002
16111,549.0281370020293
10470,22989.635449494403
10733,19395.851032801853
8164,67322.64901565554
2039,8164.114463397258
6725,601.8053927376786
13904,-14937.39909108371
17969,-1233.2475097091515
2232,8662.11404736976
2255,-2666.916579852379
12143,7599.410667116346
12160,-10898.128246405635
16809,-12928.431581354795
7870,9927.177811867392
9390,-11.469130201998269
6814,-12743.690130460836
10753,2659.296035021249
3623,-6754.502300183645
17325,-3784.184167903346
14196,7059.008719384408
18265,17067.44832242081
3314,-10091.260988081562
1729,8429.367993421798
14420,-10704.618594145839
423,6051.4621895282025
5094,-696.424492988066
10354,11300.519626242662
10830,5736.46961875787
6110,9038.497689057638
738,-104.37821082547453
15782,-30584.076740040975
19161,49267.16770462357
6913,4722.4764917553985
19019,1372.7037674015992
5250,13906.87155678877
14477,-8188.1699660969825
16706,-5526.830671541258
409,-16975.09298816899
8294,-4225.817348263953
4246,-16560.67554647599
2483,-2265.6899307594285
9243,-3820.918910532535
5157,-12304.134595602336
7270,4614.5137983884815
4293,2368.0879564430006
9835,-692.4340005469749
17799,-7352.04755533268
18073,-677.3694762747473
5792,6144.94450005707
8377,-4731.626285323244
8046,5579.093325842863
14267,8935.548732809239
17067,-8422.56050110831
7109,-7419.2651849822005
9098,-6287.639117425406
7003,90.64941216354055
5227,-4405.148748713153
16576,-1245.692821244178
12227,7961.647010931429
18688,-10675.022309066328
16889,-14032.863120565129
12831,5209.12557675473
217,-2475.4031182838444
12379,2536.517117015043
9558,-4181.71816060743
3941,-1675.9829165747324
10030,-9450.786583110224
4436,8206.156304507273
2405,-9980.396587511575
17489,6369.565999453025
11471,257.89426769930196
18456,-4327.7998850205295
14228,5968.216081857911
7919,-5095.091059839957
9515,8385.145265338077
14327,-13654.856804675605
18699,17251.099733686417
13967,9255.83501037621
3486,4900.765042368996
3886,-271.9224792860059
8935,3504.9142934691445
17413,-10475.835257250354
17307,-32171.76289822423
3478,22409.16711191432
9958,-3244.5869804483873
10864,-3593.2324466745413
9664,-9164.431581354795
15904,-14269.777198979751
17353,2380.159007364804
4909,3517.4730431796306
10399,-10949.586438551083
14963,5260.231398331534
9905,17500.079819636314
4554,3312.310547716337
7267,2981.769147764593
387,1433.6853815848262
1493,-4580.505739789616
18510,8412.767434317491
8139,9734.85183905638
18730,-4188.330890895129
424,42197.75899790209
3526,14910.392634874312
3213,14156.527271250969
15573,-17150.22719513678
18903,-6679.936639306638
12136,-222.83024001196827
12459,10490.565999453025
8843,50614.26740381919
17665,1125.0238877573802
18315,13472.87076842575
7738,-6552.35149254405
16415,-28346.363764278936
11451,-6727.733631914281
6266,-3270.004106964626
5761,-10087.159610670144
11725,3383.647580537046
8735,-10367.0861607492
2225,13146.111059618699
13181,-9809.775877829583
18941,74649.19069241949
13906,6534.453371419122
17346,-8029.453624721376
16322,-15.818486167954688
6977,-23336.74442413461
2119,-6.8189365265425295e-09
3643,-26886.117544014705
977,21830.667624789097
16720,-12902.566749179998
12630,-10116.333211304333
7821,-2620.74796688935
6846,10511.181575678687
15503,12329.276068868745
705,-7694.847539445771
15881,7478.336212080303
6252,-4028.400539706592
3488,3852.0923826563594
17339,5435.558892296998
2300,937.5932718294853
273,1865.5798462361072
9920,-8332.009242679716
17311,-16548.54447833287
15916,-253.25343003118996
13217,2112.9468514978525
13690,-18741.6897976517
7443,15781.004567013966
10575,-6.037225830368698e-09
7730,-3217.5046710960123
18040,-11560.57872361329
18490,-1011.866398791266
18811,1543.2057651589785
13606,-6.333721103146672e-09
18865,-13025.327249614635
9422,13990.911033815417
1430,-4470.618660853555
12539,2536.8433155963176
2167,14862.958621614584
9209,-310.6372512191265
14118,2051.7675533254587
10226,-10393.95843001168
5332,-19354.935361998185
13471,5155.131849401335
2184,17230.667624789097
12914,15337.205812265529
15228,26682.235392688468
8225,-2550.2832593425783
10029,24904.914326979437
5809,-9359.117571933155
1611,9888.176461378987
16570,17893.718437457137
4914,-3410.586438551083
6443,-11638.57872361329
11557,-8088.362304485956
16620,-22541.44421298387
1512,2051.7675533254587
11660,6627.437754265561
3184,-5132.47349537204
8739,-6093.796901687099
18461,3901.310547716337
2641,15644.29140833423
8408,18929.55710328452
13469,-11560.57872361329
6011,-27789.915336228343
13813,-12141.90761734364
5496,11933.277953796845
10527,-5829.6463972828205
12000,10597.675690398044
2408,-24708.26213894286
13544,2733.4730431796306
14337,-2919.3340720106144
4574,-6467.184744765647
6424,8732.069143812405
1123,14907.983038435581
2360,5434.598096097814
4342,1578.264014553607
4046,4602.946724544145
2519,11173.403095163196
9529,-4231.9332058142945
13816,18287.559225277557
1355,-5242.9271797699585
16083,13097.490900952022
12325,7015.415169519612
14019,8272.906084985545
6076,17692.573714390823
7341,12761.015994476047
18901,12174.894267699303
15346,-16915.22719513678
16102,-14940.950644632198
18526,-6631.23749407741
9213,-7662.0282657289645
290,591.3613603843733
15468,-10264.284152765813
1712,-4132.355304591119
3511,-6756.910854289328
5090,-7182.838127713266
2998,-4715.593476105587
8589,-11702.137164986903
2112,5072.9785385341165
12221,7621.087956443001
16692,15154.353335681571
3930,-4177.537014279555
4850,-7734.4738473191355
16507,-7268.659399112632
9473,1865.5435848762818
12233,-41.92679339766437
2578,-18162.336907349694
4580,-17141.289233896183
2937,7405.584051576308
852,-5586.940467947548
18736,-8965.945223646922
9870,10590.928018173283
4980,-13914.652563822445
12446,10398.922369456799
4168,8576.718437457137
5019,1746.0094342826224
18449,19279.718437457137
3755,-21918.058793555785
2267,11387.46961875787
10132,-6988.92625876782
733,-2368.6372512191265
18521,16461.023206429858
19064,3661.4612383936123
2796,-13224.238790322981
11444,-7179.148241871899
13303,8632.935494537767
9050,9230.09445267004
6440,6140.454178319651
14034,-3776.5295714140675
15783,-5761.535625883047
9423,25402.360451947676
16660,-7985.178225781849
18822,-6161.845696706005
14063,10238.54548040393
4202,3852.0923826563594
5282,8269.654873407351
12912,-15727.25533408452
18470,-936.3034778176952
10567,-14473.25533408452
2879,-14396.20745576661
11386,-3805.2832593425783
9899,-13195.978383334354
2174,-12518.967678759302
17775,-1863.7480226188927
7780,12379.17590021632
4294,18311.602552831573
15006,-17359.79663329227
15067,4791.425520167657
13632,-7966.838127713266
7112,3289.263464052121
13733,-980.7844445823175
10818,-8332.899067012015
17281,21886.78484755828
6712,11419.104882671429
7801,-2025.9095083039192
8364,-9701.605263382895
3415,-21087.392040328763
10940,3225.6168121210612
4954,-746.5385202156176
18136,2523.637795181703
4125,-13940.181317501658
8280,-779.4771924545421
18226,14907.983038435581
7386,-827.913415405721
8157,7398.667624789097
16423,-784.1474328220174
11236,6334.124238112639
12125,-2118.292501926291
4540,7268.266168495171
1554,-6805.1365191988925
970,-11552.268468278256
7132,-11185.395872613368
3047,-16479.148748713153
12925,-2081.6285821564416
10305,13265.608080349277
3288,-4472.210508440191
11651,4632.343408179691
5259,40585.23710177577
2616,-291.99056571737765
12823,-3342.9829952329237
4032,7248.270641013991
2503,-5973.750230983333
17477,-17780.128722943315
7898,-25692.379723260092
651,-2550.2832593425783
265,-2693.8348418441383
9183,6072.636235721064
13002,7373.856280499682
3111,-1.2587406672537327e-08
8969,5878.190352701865
5385,-12346.35060554897
13648,-6811.950438796404
4848,2427.310547716337
9816,9037.660196559716
1035,-9256.996742664644
17221,-11877.10289608041
5142,-1184.1675298735436
12281,2260.3627487808735
14433,8876.066794185706
4609,13608.667624789097
18196,-4786.958869488673
10302,-5912.440747708002
12973,8999.265977912903
15220,-10784.411569100761
4128,-6611.464439045121
6399,-620.0636139898888
12222,23512.3603195544
4084,30961.19221107154
3704,18405.565545234676
16659,-8411.665352141968
2678,9224.15200633588
10041,-2295.0337292427694
11717,-2537.1907600982704
9178,-2782.6386396156267
11320,17756.0350997924
327,1737.2803902986489
17359,-6338.535625883047
8626,-5557.859842492457
11854,29860.30963927964
1272,12005.53621724536
7551,-8379.5244407353
1027,96055.46178271555
13130,443.4939528376799
17279,-16515.247142643173
4058,9140.623615209319
3910,-4231.9332058142945
5658,19675.951294839855
13515,-3593.2324466745413
16361,-1390.518734018733
3894,4908.180058525308
5836,-12120.20619306383
1084,-13956.635351581368
3571,-5645.692760989337
13694,-10158.04002957791
8443,-180.39395683283146
14425,-2442.732973180886
13674,15522.931802453688
1346,-15010.545882223389
15447,8876.066794185706
8142,2639.110821820572
16864,1269.56778489522
18808,1643.4695193540642
17788,-6543.885848861286
4021,1474.7564724726853
15247,12298.244130990957
11585,3299.2153558271348
13578,-2806.1840704249844
15947,-4969.04755533268
5857,-7144.847539445771
12141,6864.084663771657
17249,-7114.2027384749235
10329,-11901.532570377523
8985,9767.302523013534
11484,-6685.019842413938
2602,-3227.281107169514
11491,6400.46961875787
6641,14689.124831765934
7913,8843.47394031662
5015,1066.0996583413516
14633,-3123.689452283663
15763,-18456.43239247628
3686,14143.342968551427
7161,-9247.482463299857
16600,-35401.66127288816
3652,-7739.967392520415
14186,3683.9708039976103
14699,-24680.43037700843
3984,-16658.359590659195
4073,8291.367793831243
8776,25445.800487286542
5438,-8969.722035477087
10228,1940.1072970441892
1383,38721.30444434
4842,14724.672468579782
3376,-19330.363764278936
4119,-39517.44545181978
15591,-9473.700590160617
7687,-9911.370545671736
8991,-2506.2563649329904
2636,5711.800945460058
8710,4979.628883741141
15527,2235.6674542101337
18592,-4322.588555901431
1429,8110.110344720488
15252,7224.840919411261
12129,-1276.9210503299328
12244,14081.268859709267
13480,-3699.586438551083
15439,-10023.900320520945
12877,9007.595611744446
18179,34729.82781096129
14832,-7208.648190602542
11856,1591.1383148926907
10365,2870.531300731185
1227,-16605.714249167897
5441,-3279.4957525984355
1006,14907.983038435581
11249,12914.667624789097
11212,5900.967889513682
15500,-9725.6897976517
11751,11821.784133058569
16544,12342.12564871095
8076,-11029.835157674719
3394,6584.848908977321
8962,132.21535582713477
6173,-1839.716812874286
7360,-13358.71027763989
15617,-12231.635351581368
15457,-13137.62832980607
12361,-1270.2237863782148
19130,10841.276963339531
5026,-6805.1365191988925
9610,-21359.592132536804
8487,749.6690350295185
5576,-3727.170643192563
13259,6265.287282542561
17195,12272.290294640028
16207,-6374.542461095998
4401,-8298.459098743086
12888,7529.2581934564705
17341,-6323.950386554563
17333,8974.324586423147
5549,-2024.5191082476922
16298,-14522.511640346747
6301,6334.164742749646
4936,10082.135830253783
8484,1143.0952941103606
11888,-4972.330890895129
5502,-2135.8212350374306
15532,-8375.232446674541
14331,3036.313630458102
8664,17409.667624789097
6,-1781.9905657173776
1535,-9127.556931199084
13637,-3273.261321108227
8452,3683.9708039976103
15553,3093.5238508562106
247,4523.716749775882
9091,-5802.916579852379
3752,5419.0371459709295
17342,-29670.211326274824
1747,-10772.445919287773
4989,12023.367789156327
11911,-19282.93896197042
19225,-13786.190610307403
16479,-2359.6048255782553
13484,-17417.938404241835
2909,-14452.693860318712
13344,3462.4222305115945
17494,-3570.170643192563
4156,13363.212684954771
7575,-14511.116531126405
8351,40343.16577848312
15584,-9647.058393136373
18984,-11232.067503379003
5653,-5187.74392923977
13896,15337.087048006306
17683,11544.37783579429
1397,3099.551736405729
10881,-5402.787315045229
7319,-4401.119779228531
7834,-6.4055711845867336e-09
1328,5667.009434282622
15537,-1782.2187967599266
3974,13702.64368121824
18556,-8992.18928022818
16439,1799.3613603843733
2647,-11018.965567973119
3926,549.0883630596891
4113,-17417.938404241835
9619,-17547.276270786588
8310,-8495.556733744863
17759,7726.971139207987
4373,-5460.791098427555
15657,12381.003689290956
17322,-19905.006446707772
558,-1197.2769994896953
6385,-6017.109205804409
16208,12357.053607084294
6700,-12168.163255706688
3310,-6975.316670710847
8030,1643.1758629570768
3482,-9993.865174912811
16613,-7460.792223851669
137,14907.983038435581
12319,-13137.62832980607
17937,1953.0717812319672
8097,4446.728278686842
5595,7633.648409282407
15297,-8043.967392520415
10765,5541.766573258243
5937,6435.792668742641
11443,2980.4321436822165
12929,-7585.514423759756
8086,5134.49398640837
7908,-573.865767184343
7728,2379.544765505716
9571,-13912.791422987772
18867,2754.8324701264564
16638,-4628.425379352903
3978,-2273.4353889434824
12513,-14763.740657604649
13126,6454.695146541898
18777,873.0923826563594
5525,-776.6834490568872
14049,-4695.916579852379
9987,-20283.381579808243
10859,-7321.04755533268
1163,7536.302229755078
5561,4341.424637447881
18199,-5.637048161588609e-09
17744,-11210.042175500956
7306,-5435.097027131909
4941,-4566.221455860603
16594,8139.515186784989
18194,-10225.504574204664
2498,-5663.334072010614
13815,30767.820062793216
11482,-2605.077887955944
5804,-8375.232446674541
11150,11158.430391800954
1290,-138.94442406054077
1297,20827.584636826363
14068,12947.998653970346
7113,8479.89140468961
10208,-2928.2033678642583
3997,60234.82006279322
9128,10082.135830253783
14898,32828.982713100006
715,-4015.9106551604964
7836,-8502.760977401605
361,-13508.039771001913
11685,-2233.489043911567
18931,-3236.2622817136107
8267,-1340.8805509368467
11696,1082.6466823018127
17769,-17444.097936045117
4007,-24567.48830396851
2540,-17651.26213894286
19105,12079.208468161913
17090,-13534.777171812064
11139,-4008.706190019252
1444,10518.163857156658
18877,-11638.57872361329
6501,1561.8832827944943
1157,-18606.40757789636
3958,-9680.009242679716
3721,-8938.916579852379
7094,28668.23710177577
6835,3993.8011683598716
16412,-2375.4795685740937
460,-19724.507026967745
3851,-14215.396944292159
15105,-2636.010389086783
2177,989.4758204139544
7625,5931.250995447281
10026,6558.250995447281
5186,-8559.111307492785
14099,7019.4450335157635
9194,4360.627433090223
1199,-12251.566381020588
4977,3300.799543744115
8525,-2324.810561250828
4385,-1056.7800919092492
2034,-22348.78596623773
16175,5977.565999453025
12846,-4917.967392520415
10146,162.94716027105005
3710,-336.02880510603063
11446,-12253.382786283495
10520,37449.23710177577
7708,-1387.649995642505
7592,-3547.6793948244776
18580,2591.413561448917
15198,19159.462077283748
6907,-8343.505739789616
6935,16057.794140833934
16908,-2966.08179706004
6885,4610.7872450662735
5195,6864.084663771657
4501,-5411.02919600239
8821,17582.61681212106
15212,-2137.2120442061014
13080,-1942.9332058142945
9058,13232.216112266558
15266,12566.387482169523
9925,-10575.574479832343
6027,-1104.7338315048291
8898,3915.631438065123
9299,4598.87155678877
13343,2051.7675533254587
4201,28.089853685329217
18408,-5349.807825811122
6848,-609.1241001780727
19157,-9937.292810399711
2308,8382.397760453376
18458,8634.087956443
1087,-9218.507026967745
12840,-16479.153708748447
6388,-12527.185833396223
14873,31928.669805675963
13685,5918.573022375513
621,12748.667624789097
3934,-9102.074761996279
18307,7838.488600135576
7583,8910.620100022832
3472,-6177.9215668107645
1086,-19748.633633917543
15196,10067.881751393179
17451,4249.38455737511
5702,-9240.016961564419
3975,1623.0555759394592
7576,-22931.58370696148
16409,40.97045123292628
1288,-10667.395872613368
10192,-11862.184061877357
7655,-35041.66127288816
14436,-1060.6262197288343
14604,10984.588662662269
14375,-7168.0182051884585
7695,-10728.900320520945
18918,4143.192128323489
4265,10766.667624789097
12974,-21553.123832782476
5416,2984.718437457137
17045,2269.9515514686154
11869,-2203.4462190831127
14284,3472.5276754751394
11074,-14842.683205355785
12792,2914.3787295546695
2981,8425.26616849517
13123,322.37946995287984
8815,8865.936053207719
14475,6561.021616665646
9560,-4018.3829042395573
10873,-428.8255544338863
3070,-3073.88205624519
7417,-9837.565849140672
2485,16313.963489096104
13302,-6021.3415337633705
5449,-4545.1401384353085
16630,-18135.683205355785
1453,4163.735415913651
17718,8105.035326901576
2444,9284.931667312161
14471,-22145.833736662113
17780,-5836.912236458993
6866,4675.043640002004
2221,-481.2187967599266
5183,-12268.482513138722
487,3852.0923826563594
17849,17981.11297627024
1534,-2150.0182051884585
7639,-2094.967392520415
13199,-5315.953992140909
17096,12057.922369456799
2008,7440.920681775551
8668,-10070.03674612609
18207,2591.413561448917
3295,5903.6581060210965
6174,8060.4328126455985
3788,-5913.0182051884585
9622,-4821.0979360451165
7648,-15372.525053356836
15791,-15091.133266695768
1704,41414.32590427702
12315,6144.203273222269
476,7409.35259013623
10632,-3101.7097193597547
18269,12998.239595414561
13396,-4345.0182051884585
1020,2357.3613603843733
19011,-8887.925294899665
4351,24112.084663771657
11640,10417.254085890305
6390,14025.595611744446
1347,-6970.166706348868
13610,-12141.90761734364
4101,-3532.795829353483
11170,-16915.22719513678
14563,25197.635449494403
11276,-3446.8886733456966
1530,-3994.241622425552
19031,-13597.734027550745
688,-28286.895813070543
14847,-4017.8212350374306
134,-39.78444458231752
7861,1939.320857525894
7155,-9932.688518105508
16355,-5879.04755533268
13387,-15163.864169746217
3507,4570.393766629382
11797,2819.236766588423
16792,-7785.0857065308555
15823,-21529.920726079945
15209,985.2153558271348
10154,-4987.767431696386
7570,10372.41661695444
8523,19337.667624789097
13282,11291.515959436469
16952,6880.66623639259
8863,-18.507332931205383
6307,-17500.12802954254
5943,11136.72160488622
8387,-12522.125193747008
9498,693.2089223802614
18074,-3293.916579852379
485,19055.60062456174
967,111.38249512144648
9526,17278.546658851836
3352,-5411.02919600239
6506,-16301.922456149336
6916,4210.592976554668
6750,14883.619847304682
3269,-14291.557839635781
4602,-13697.146274627332
11242,-14640.217057213515
16113,7280.699221950445
18968,-6312.958895091222
10138,24895.934113359894
10356,-567.8212350374306
11513,-4345.0182051884585
18837,12485.244820660471
4205,7186.66087788724
18887,-11405.35060554897
6348,2981.3873162699456
7353,168993.03615928907
10862,-3818.1306621034746
7912,-11743.209267762086
13191,1470.0555759394592
8161,4938.888256953187
4706,7605.812602184786
5532,3226.8207441207305
18041,-1461.4536925202447
9509,-12968.882910077053
2388,6562.095461181412
3502,-14571.9411817117
13820,1012.2329402129835
2935,-2886.4588757722304
4049,7340.384012786635
2559,6750.452427423871
10098,51582.003689290956
17927,-11736.255258607607
15179,12466.10442845308
18101,-11867.289602991015
10705,-3946.039938998445
11775,-10427.584019358905
19153,-1889.1078670626812
18692,11140.213252781832
856,6031.723305226176
19209,-10591.892450105177
17637,-1108.5262411852018
3852,-9213.669032444799
9393,-222.1236459597203
3860,-6841.212826687177
15981,-7745.606364281077
15194,-4958.003733068341
119,-8652.637251219126
14600,-10396.962574167701
6515,-6477.086605438926
2988,17556.667624789097
11148,-8550.791986056433
4448,-8018.296389751293
4318,-9091.025666806083
2953,-12068.41276891085
3971,4019.1750507806755
6648,-3683.0600553477525
11140,3852.0923826563594
18004,2735.3149916183675
18000,257.03260747958484
7879,6290.072707376734
17108,-3032.435284004059
11876,-23830.465389615012
9868,6724.022289661283
16097,-21525.363764278936
14242,-4450.31929675401
16578,-15787.493665664835
15211,1546.5460690481195
10284,3643.6452208697146
6225,-479.12341570019635
2805,-2012.1108511188286
12440,-4353.328777440005
16445,-10710.349660391246
11147,-6526.135671032265
9625,9087.171864352978
12923,-2534.1792558792695
18448,7108.8207441207305
11598,5775.101193667844
5148,-1463.238790322981
11427,-19282.93896197042
15268,-25431.588626533972
12624,1125.0238877573802
17263,1314.7173406240781
18427,4042.5238558476667
10376,-12741.848085691548
4528,-7327.193674654267
17438,15337.205812265529
7944,8905.50518494987
9047,-6645.404121219948
13924,-7245.154541708223
286,-2870.936882586426
4699,5856.086592564392
1323,-15962.25533408452
14408,-7447.04755533268
1730,-11991.08125955328
16617,-4104.626285323244
7438,-15726.05600536348
72,6931.0944526700405
4720,-21512.96000503454
410,-12055.59529100091
3848,6350.732107243792
3323,-7883.229038449885
6463,3425.241165369902
15538,41562.29435337865
16152,-16323.153708748447
9710,36258.608160662305
2609,-1414.275906967403
2995,915.9434468762192
1869,-9999.586438551083
4472,-11550.308342367382
18173,-18597.430535928128
14830,49.47582041395435
10087,1339.328247635949
9998,-7800.972379478801
10466,-3552.865767184343
13954,93689.08815864671
8878,-10218.076479474119
13728,3166.912464688836
16523,-1206.0116084370366
12988,-16707.533206690867
8129,-6098.5244407353
10162,61157.72670771032
11051,1304.8329086169251
10970,-8956.28232906915
10934,8598.854069393812
14028,9635.257987721465
15366,4947.8845452479
7649,2308.832015908112
7547,-21512.96000503454
9565,-370.2058091775152
10007,-21864.660045092518
16731,8265.8850707346
9734,723.9730797642624
1071,-1565.5976864079375
1905,-15165.061485499147
9547,-28346.363764278936
9463,-13576.14395174718
3393,-6.51925802230835e-09
7199,-2960.7967267777312
17579,8650.641111411724
8665,7449.745928816847
5252,-13522.402676543734
2571,-13481.071172603672
5833,1475.9524446673204
16057,-13651.877774115197
6243,-1183.8418902877747
9140,-6415.55406440624
18900,-11958.035348081165
18739,12807.005660767863
11537,43362.70442324979
17745,5526.546541140249
12848,17510.586770248257
10782,-3569.0353480811646
5230,-6711.026621069555
14573,-2550.2832593425783
9939,-3642.4143111758895
8839,3444.686725675614
4885,-7720.532576708523
1005,-3994.1403441971333
18054,451.2099196459658
1710,8907.96270997357
15169,1887.0555759394592
12494,-602.6372512191265
13347,-4825.586438551083
4739,-3471.535625883047
12004,-10536.408562128374
16592,-4828.910655160496
10407,3974.6104358015573
16318,-1942.9332058142945
12334,-11749.121461932009
6002,-12014.879617486866
7599,6213.720806054293
563,-13863.314046240768
16615,-6316.945929996607
16710,6164.054070003393
291,-12819.53991226109
2626,-6287.9967426646435
9272,577.7846264107184
5363,-18941.50898326593
7363,-14386.247598731854
13556,-3982.2728347851407
3532,9975.716025759211
11403,9635.314991618368
18317,3257.9079378454626
18799,2824.018022489886
9249,-2666.916579852379
17321,5044.422812405988
18535,-8587.649407512668
16494,-1001.7331054740507
101,-32154.571920988703
15464,-9182.983233028157
9771,3734.0492498974836
7335,-4000.29372049387
13416,-9774.772753379973
695,4661.110344720488
17918,10069.182158644824
9500,-15697.790093653386
1981,2009.5578563254312
6366,10614.337075860672
7510,-5223.728883699456
5923,2018.1315653214288
10479,6058.034812625152
5613,20643.60915607678
5331,-9706.513148877617
4724,-17814.91548461022
16771,-19228.711186076587
2638,7196.755891368251
4336,-6435.9367830107985
7588,8299.2738254487
4220,-18620.097936045117
16168,-2542.6285821564416
11609,-7518.062549485381
3282,-6296.888940381302
635,-23869.915336228343
817,-8024.138463527059
9403,9092.667624789097
12645,1694.2155554176825
10662,3532.4450335157635
6325,31524.255828035784
16114,-13989.079078397002
4489,-3120.069190203235
5742,-16012.134327114229
4285,-8810.372566909777
6097,6006.4276959492145
16348,-3293.916579852379
8250,-9192.28232906915
14182,-17048.404833773155
3353,7345.412173052409
6631,-6.730260793119669e-09
18665,4830.28375288102
2730,-13900.423690017888
9679,-4368.805548910204
5160,-1388.24661304443
836,-15088.915336228343
4149,-3593.2324466745413
3572,3607.3867572645677
3287,-2778.2703604327035
6494,-10532.481857196719
16885,-10920.543444726922
16652,14119.568636892427
6619,-7058.177917738762
19092,-6741.711602600903
10392,-10394.065520658842
13005,13232.285866836333
4345,8247.12423811264
16096,-7667.958678966323
2271,-878.1167172055057
12377,-3704.3134964313067
7895,13621.768107721851
8403,-11300.519626257235
18385,805.0540700033926
15491,-13137.62832980607
1158,48.83893971719226
8704,-1277.99493812097
16985,-6597.788784009397
14608,-5663.334072010614
16206,1209.3613603843733
123,-863.054919632662
1247,-1219.6278665212812
820,-21265.176592699638
13765,-15088.915336228343
3931,-10785.95843001168
2859,25849.225133711232
18534,785.6155286639769
8323,2042.1063886074953
11761,-16207.00181236065
16869,-17950.392040328763
12736,158.73825881705125
7796,742.4371647501985
4043,-19775.77794089308
5652,-16179.786593151992
7621,25485.908766528075
5598,8721.364411535174
9572,-21512.96000503454
6428,13419.167891415385
8203,-7482.0182051884585
16358,-7468.627414111979
3210,2427.310547716337
13262,-22931.58370696148
14021,613.7812032400734
6517,-420.6851727783551
2214,-14664.432412628077
8936,829.7805245457212
963,-5024.258816092823
5357,-15837.25533408452
9938,10347.775561663984
7019,-12054.523014477527
13019,-751.9633104433842
2085,34365.44543708718
7191,-6318.05600536348
18680,-977.3846575694761
16363,-5188.301492947765
10649,-8828.535625883047
4028,3757.5826102670057
16484,-27467.76289822423
14684,-2207.524806311696
708,14911.03519398236
17828,-6295.652141400682
10882,15940.565999453025
11226,8435.646424412482
14070,-10549.95843001168
2662,7261.587574278783
9445,13511.258028294114
3920,-2408.967392520415
13202,-595.6252925003791
9332,9527.367993421798
927,30745.067248404055
10619,78335.30663753235
11545,-14686.358165797872
12264,10095.548170933303
14897,-6124.258143925397
9254,-1221.2042154640003
7569,9420.022696998334
2111,-16993.75517933953
4303,2766.719517335263
11883,20656.411264615712
19164,-9829.441428776356
9092,-13775.464298179984
7466,-25.457745680560947
9842,1522.1783153063334
10584,17102.86032148941
16305,-16904.35368052694
10534,-4097.0896437746815
16902,-805.6133839193717
6258,2098.237379876511
17310,27793.455941219745
3015,-27676.24191586859
11735,9731.922369456799
10048,-16581.399590110228
12885,20739.609320847863
11760,-6953.805175254918
9432,-18056.683205355785
13714,-1198.3048534581021
18145,15731.041655410267
11742,5711.81862443323
17142,-3044.251983822134
15864,-5463.412174795092
5034,-4263.879612149034
16628,-11154.090842245947
8108,-875.7331054740507
11679,-2448.3340720106144
12191,-13654.856804675605
6138,10111.5259922582
5083,-3027.7657801059468
10128,26902.972611267352
14526,6200.736262471244
13132,13476.104882671429
17636,-4426.795388914557
17475,9488.080533308748
10843,-23014.991767093645
17785,3033.778164346877
15312,6014.1994496353755
18391,13821.252391673019
15735,-3714.207865101922
13739,5770.90771626322
10205,11619.667624789097
16255,839.8569035951841
13633,-28493.36950953638
7508,-13078.001641384137
13249,-6313.027075287908
5861,12093.514732566637
10341,19155.34205048757
12052,15942.105480170798
13802,-12734.04755533268
11857,-14730.229932233735
4254,-1848.9106551604964
6329,36002.666236392586
8565,2388.3613603843733
9632,1819.4590798352247
18165,30880.380986598593
7223,-8582.586438551083
9997,13739.244820660471
5421,-3444.916579852379
13881,3146.264014553607
13448,-16581.399590110228
12374,-7980.261236006223
14826,-3161.535625883047
7428,11731.57811709147
4546,-6668.958869488673
15837,-3334.2832593425783
5290,-12868.148313522113
17866,17692.573714390823
9134,9170.483640970786
1557,38710.931599404284
6407,-10981.763549576739
8407,-34259.2578400843
6921,-21203.169626677703
10876,125.6347591042504
14977,-2844.5578396357814
15290,-14707.331973615459
16190,13858.942260449468
8029,11731.610919099607
7163,-11342.395872613368
17005,25108.135476439693
5199,654.189438749172
11480,5288.110344720488
13617,-8057.446685281406
7585,106.44648131376016
16926,35270.30242246909
6826,28668.23710177577
7514,8167.851659954555
7590,51975.71798323879
15259,21279.2575845246
12270,-69.77824292622881
16201,-5479.155380395794
16027,-22464.771898721185
3668,7087.456992051748
5473,-7983.232446674541
10141,4775.946503882949
17671,-3593.2324466745413
127,19337.667624789097
1697,11193.903653719099
6357,4936.667624789097
8952,-8209.967392520415
4660,7477.044985773415
18582,-6993.913528312034
8439,15684.075837226294
18186,-4629.056135337018
7273,2215.8715567887702
15465,-12168.163255706688
5925,8083.503071816578
15359,-32526.47653462406
11060,18960.99614723079
3474,281.3419721815226
2136,-14570.621400874654
10333,14305.608160662305
15766,-7202.561031599867
450,25363.411264615712
18670,9908.552953897439
15452,-85.52465463875433
6688,4144.473043179631
5135,-3017.718948440044
13670,-23708.407076326475
14874,-5614.60502693024
88,167.03668955661578
12008,7607.054070003393
1419,912.7838760692321
5112,-10853.53499268859
12499,-12933.009740593472
9002,-4574.748348727833
2516,-35401.66127288816
8727,11374.565999453025
17698,7521.0944526700405
15216,-7112.967392520415
9646,-1956.7913008877767
6557,-11430.53499268859
11100,-9518.0905024913
6162,1303.619385124617
15095,-23708.407076326475
7487,25676.124465370773
5358,-2212.045533136352
9320,14718.755993157323
7729,-3615.196976752417
14120,2136.310547716337
14993,-6.468326319009066e-09
7286,2630.309482687997
10845,-7447.171126676316
12862,573.353097883446
7359,-11592.496991623124
19111,10756.10461730921
13431,21063.22997006913
16882,-8029.453624721376
18847,-3193.6931254668816
9981,-10785.95843001168
15409,423.7858609391551
5706,7852.461479784382
2546,-2295.8598424924567
11071,-863.054919632662
8499,-4162.537014279555
17992,-4963.383672400858
2141,-15202.214068374724
12189,10656.241880268113
14483,21859.13299356577
13495,3120.4450077742995
16271,-13558.380231860647
7346,-2613.735153569687
16548,44357.77643401557
13388,-24708.26213894286
15893,3775.4222305115945
4807,2765.0057594339887
3578,-5266.212243533197
2279,-14026.199561381189
1092,-9156.9332986794
8158,-1723.0700332110791
11914,59289.21071818932
4417,-10741.351999385304
12060,4510.651939633402
14185,-15737.829678718394
13898,-1109.5043576199496
10984,847.9863072058033
15131,38925.12719119664
11719,3382.0602133799684
8317,-4490.210928514905
11370,-5250.504826678007
14246,-22780.282164712706
8930,15873.608160662305
17063,2704.0343602862267
14714,-2408.967392520415
7889,-28223.981759753733
10872,5892.787462952732
3588,-7228.148748713153
3105,-5138.0069592423615
18875,1421.264014553607
9827,-10755.104567727758
17886,12483.305008265983
18146,-5965.535625883047
5155,-13021.48899367933
14214,-15318.084208060149
3106,-8083.99136283292
4921,1758.5900514813138
3169,-11525.128246405635
7971,7155.881185990333
1066,11409.484156330986
18700,-10548.231516401112
9363,-6153.977914289617
8973,-1748.8936113925047
16849,13961.992827333968
9840,14829.722312556285
1632,6039.984379722767
8892,4413.527675475139
7315,-3368.535625883047
17469,-19283.225551313415
9511,-1460.4970912362478
13811,32992.961392265104
14815,-5663.334072010614
13415,11436.558571223644
15769,12485.244820660471
1026,-23187.864523560307
5500,-14389.905955132264
10351,17073.511760786114
13072,-3639.0411908652422
7157,-14331.587538273016
14984,-14874.21520127912
8507,-10147.996742664644
13572,44632.891720396074
2862,4399.054070003393
5168,-5968.484091261678
8304,-8375.232446674541
9904,7432.367993421798
9056,4024.5137983884815
7442,1526.1621483844756
5225,3280.310547716337
17485,-1317.9444240605408
12081,47498.804405203846
169,1710.4030818624751
10452,-4528.891670770452
4596,14198.949107885896
18037,8876.066794185706
8763,362.47582041395435
5933,-14587.964564248112
9052,-3831.1364492290377
18621,-4909.93975304934
4877,-6113.459801369507
3043,-6011.0182051884585
1119,1159.3627487808735
18420,-6066.365264691285
3335,2890.011805152514
14945,-11324.22839995967
16284,4237.824822595721
4974,-10256.122040067938
18245,-10505.726917836451
10714,47540.287914443805
8122,-4815.93975304934
6075,9336.476589756883
8394,-6871.228938658951
7030,-18399.741064538088
15952,-6785.715337196154
14126,2237.882888897464
503,6028.595611744446
9180,-2878.9905657173776
1804,-15876.742896101212
2043,6191.954466863648
15604,9055.065114432178
6132,5727.189581779075
7578,-7176.283259342578
16148,7368.150480115133
17920,6400.46961875787
3547,-28827.277939004314
5659,10363.657600678931
1023,-318.4831017900706
7591,12457.201802039861
15399,487.6715398890792
13502,-2863.830557228808
17441,110.10638860749532
18066,3395.5299629816027
11426,8770.450111069653
8121,-10002.637705437472
9395,-5663.334072010614
12704,14558.111059618699
4069,-9451.371607354893
18305,-3962.7049835439984
697,-4229.20322812203
18195,-15939.683205355785
19009,-1342.5565524576523
17227,1279.5238383389596
11457,16774.469419167315
3410,208.28757925646278
3595,2220.5646110565176
18020,-11735.418146834141
8546,10766.58646299458
4296,8269.617660014952
549,5193.476985522473
2968,7099.582923997339
13984,41242.45075567745
2140,-2094.967392520415
8822,-3293.916579852379
16392,-2234.881139637324
14410,-7129.741833052281
19087,-11420.586438551083
14848,-2154.6372512191265
1705,-1057.6850084219077
18998,-7352.04755533268
15815,-2550.9444240605408
12695,-3270.004106964626
7811,1864.3363017495035
2403,13426.244820660471
2545,15750.329677686388
4024,2388.3613603843733
14692,34.9613925152662
11584,13353.4958461838
7298,-16557.559051160773
6842,24150.858570428925
5981,5695.80653973221
12758,10756.285187264617
18301,363.90798659973734
2238,-2209.0000896478305
8818,4583.85091097736
13152,3234.3409892464915
10580,-1670.0041069646259
5058,-1263.6542106649977
8369,13739.244820660471
4110,-2472.5971849967355
7722,18386.922177394474
16017,-3326.8951173285714
3570,107803.629027761
5489,-9429.009242679716
10929,8999.265977912903
9172,17542.45902437168
18392,-8163.098368000723
15019,-9078.765297027523
4770,14227.277269770042
18158,1284.2919780379389
16455,-18574.0313190358
4590,49758.87087546125
5069,21180.078637668805
10441,14279.983038435581
7650,-8194.154915125728
3800,7461.137860674346
11940,3321.2557851533347
17242,-8057.446685281406
5394,2332.890226139446
15958,12628.908232723814
4983,2879.120786056261
5999,-8137.521394349809
218,-10737.796726777731
5746,-13492.536909340135
8709,6930.94674165395
10798,-8315.736335547193
15704,-10012.84228294072
